﻿designator,quantity,value,pack,mpn,mount_type
C1,1,1µF 5V,C_0603_1608Metric,,smt
"C11, C5",2,100nF 50V X7R,C_0603_1608Metric,,smt
C2,1,22µF,C_0805_2012Metric,,smt
"C3, C4",2,10µF 35V X5R,C_0603_1608Metric,,smt
C6,1,33nF 50V X7R,C_0603_1608Metric,,smt
C7,1,0.1µF 25V X5R,C_0402_1005Metric,,smt
"C8, C9",2,22µF 10V X5R,C_0603_1608Metric,,smt
D1,1,USER LED BLUE,LED_0603_1608Metric,,smt
H1,1,M4,MountingHole_4.3mm_M4,,tht
H2,1,PEG,MountingHole_3.2mm_M3,,tht
"J1, J6",2,VIN,fiche_bornier-2_P5.08mm,,tht
J2,1,STRIP_0,PLUG_Terminal_01x04_2.54mm,,tht
J3,1,STRIP_1,PLUG_Terminal_01x04_2.54mm,,tht
J4,1,STRIP_2,PLUG_Terminal_01x04_2.54mm,,tht
J5,1,UART,PinHeader_1x04_P2.54mm_Vertical,,tht
L1,1,6.8µH,L_Bourns_SRP7028A_7.3x6.6mm,,smt
"Q1, Q2, Q3, Q4, Q5, Q6, Q7, Q8, Q9",9,SSM3K329R,SOT-23,,smt
"R1, R2, R3, R4, R5, R6, R7, R8, R9",9,100K,R_0603_1608Metric,,smt
"R10, R11",2,10K,R_0603_1608Metric,,smt
"R12, R13, R14, R15, R16, R17, R18, R19, R20, R21",10,1K,R_0603_1608Metric,,smt
R22,1,5R 5%,R_0603_1608Metric,,smt
R23,1,10K 1%,R_0603_1608Metric,,smt
R24,1,52.3K 1%,R_0603_1608Metric,,smt
SW1,1,SW_RESET,EVQQ2,,smt
SW2,1,SW_BOOT,EVQQ2,,smt
U1,1,LDL1117-3.3,SOT-223-3_TabPin2,,smt
U2,1,ESP32-WROOM-32,ESP32-WROOM-32,,smt
U3,1,TPS62933DRLR,SOT-583-8,,smt
"kibuzzard-63B86E3D, kibuzzard-63B86E3D",2,G***,kibuzzard-63B86E3D,,tht
