﻿pos_x,pos_y,rotation,side,designator,mpn,pack,value,mount_type,place
4.32,25.625,0.0,top,C1,,C_0603_1608Metric,1µF 5V,smt,True
-1.475,26.256064,180.0,top,C11,,C_0603_1608Metric,100nF 50V X7R,smt,True
20.001751,35.651751,45.0,top,C2,,C_0805_2012Metric,22µF,smt,True
-4.475,29.25,0.0,top,C3,,C_0603_1608Metric,10µF 35V X5R,smt,True
-4.475,27.75,0.0,top,C4,,C_0603_1608Metric,10µF 35V X5R,smt,True
-4.475,26.25,0.0,top,C5,,C_0603_1608Metric,100nF 50V X7R,smt,True
-10.725,28.15,180.0,top,C6,,C_0603_1608Metric,33nF 50V X7R,smt,True
-9.3,34.23,90.0,top,C7,,C_0402_1005Metric,0.1µF 25V X5R,smt,True
-1.475,27.756064,180.0,top,C8,,C_0603_1608Metric,22µF 10V X5R,smt,True
-1.475,29.256064,180.0,top,C9,,C_0603_1608Metric,22µF 10V X5R,smt,True
8.485281,8.485281,135.0,top,D1,,LED_0603_1608Metric,USER LED BLUE,smt,True
0.0,-0.0,-45.0,top,H1,,MountingHole_4.3mm_M4,M4,tht,True
0.0,-23.0,0.0,top,H2,,MountingHole_3.2mm_M3,PEG,tht,True
-15.46,31.5,180.0,top,J1,,fiche_bornier-2_P5.08mm,VIN,tht,True
25.792559,-25.792559,45.0,top,J2,,PLUG_Terminal_01x04_2.54mm,STRIP_0,tht,True
-25.792559,-25.792559,-45.0,top,J3,,PLUG_Terminal_01x04_2.54mm,STRIP_1,tht,True
-25.792559,25.792559,-135.0,top,J4,,PLUG_Terminal_01x04_2.54mm,STRIP_2,tht,True
35.999998,3.82,0.0,top,J5,,PinHeader_1x04_P2.54mm_Vertical,UART,tht,True
15.46,-31.5,0.0,top,J6,,fiche_bornier-2_P5.08mm,VIN,tht,True
-3.5,33.75,0.0,top,L1,,L_Bourns_SRP7028A_7.3x6.6mm,6.8µH,smt,True
12.065008,-19.136077,-45.0,top,Q1,,SOT-23,SSM3K329R,smt,True
15.600542,-15.600543,-45.0,top,Q2,,SOT-23,SSM3K329R,smt,True
19.136076,-12.065009,-45.0,top,Q3,,SOT-23,SSM3K329R,smt,True
-19.136077,-12.065009,-135.0,top,Q4,,SOT-23,SSM3K329R,smt,True
-15.600544,-15.600542,-135.0,top,Q5,,SOT-23,SSM3K329R,smt,True
-12.06501,-19.136076,-135.0,top,Q6,,SOT-23,SSM3K329R,smt,True
-12.06501,19.136077,135.0,top,Q7,,SOT-23,SSM3K329R,smt,True
-15.600544,15.600543,135.0,top,Q8,,SOT-23,SSM3K329R,smt,True
-19.136078,12.065009,135.0,top,Q9,,SOT-23,SSM3K329R,smt,True
9.899494,-16.970562,-135.0,top,R1,,R_0603_1608Metric,100K,smt,True
11.4,12.6,-135.0,top,R10,,R_0603_1608Metric,10K,smt,True
12.6,11.4,-135.0,top,R11,,R_0603_1608Metric,10K,smt,True
9.616651,9.616653,135.0,top,R12,,R_0603_1608Metric,1K,smt,True
8.768123,-15.839193,45.0,top,R13,,R_0603_1608Metric,1K,smt,True
12.303658,-12.303658,45.0,top,R14,,R_0603_1608Metric,1K,smt,True
15.83919,-8.768124,45.0,top,R15,,R_0603_1608Metric,1K,smt,True
-15.839192,-8.768124,-45.0,top,R16,,R_0603_1608Metric,1K,smt,True
-12.303658,-12.303658,-45.0,top,R17,,R_0603_1608Metric,1K,smt,True
-8.768124,-15.839193,-45.0,top,R18,,R_0603_1608Metric,1K,smt,True
-8.768124,15.839192,-135.0,top,R19,,R_0603_1608Metric,1K,smt,True
13.435028,-13.435028,-135.0,top,R2,,R_0603_1608Metric,100K,smt,True
-12.303658,12.303658,-135.0,top,R20,,R_0603_1608Metric,1K,smt,True
-15.839193,8.768123,-135.0,top,R21,,R_0603_1608Metric,1K,smt,True
-9.475,31.776064,90.0,top,R22,,R_0603_1608Metric,5R 5%,smt,True
-2.875,24.75,180.0,top,R23,,R_0603_1608Metric,10K 1%,smt,True
0.125,24.75,0.0,top,R24,,R_0603_1608Metric,52.3K 1%,smt,True
16.970561,-9.899495,-135.0,top,R3,,R_0603_1608Metric,100K,smt,True
-16.970564,-9.899496,135.0,top,R4,,R_0603_1608Metric,100K,smt,True
-13.43503,-13.435028,135.0,top,R5,,R_0603_1608Metric,100K,smt,True
-9.899496,-16.970562,135.0,top,R6,,R_0603_1608Metric,100K,smt,True
-9.899496,16.970563,45.0,top,R7,,R_0603_1608Metric,100K,smt,True
-13.43503,13.435029,45.0,top,R8,,R_0603_1608Metric,100K,smt,True
-16.970564,9.899495,45.0,top,R9,,R_0603_1608Metric,100K,smt,True
8.5,15.5,-135.0,top,SW1,,EVQQ2,SW_RESET,smt,True
15.5,8.5,45.0,top,SW2,,EVQQ2,SW_BOOT,smt,True
6.245,32.775,90.0,top,U1,,SOT-223-3_TabPin2,LDL1117-3.3,smt,True
23.499999,23.500001,-45.0,top,U2,,ESP32-WROOM-32,ESP32-WROOM-32,smt,True
-7.5,28.75,180.0,top,U3,,SOT-583-8,TPS62933DRLR,smt,True
-15.375,34.975,0.0,bottom,kibuzzard-63B86E3D,,kibuzzard-63B86E3D,G***,tht,False
15.46,-35.31,180.0,bottom,kibuzzard-63B86E3D,,kibuzzard-63B86E3D,G***,tht,False
